date,daily_changes_5,daily_changes_4,daily_changes_3,daily_changes_2,daily_changes_1,daily_changes_0,intra_day_changes,last_minute_changes_5,last_minute_changes_4,last_minute_changes_3,last_minute_changes_2,last_minute_changes_1,last_minute_changes_5min,day_of_week,followed_by_weekend,percentile_AH_gain,max_AH_gain,day-of-week
2021-04-30,1.067132324408235,0.22077174121711438,-0.03651470165692342,-0.032935117817896015,0.6349586677848273,-0.6452380952380904,-0.09098091794957633,0.04438739398011019,-0.058485155345348115,0.059719756226318144,0.0035991506004550184,-0.005998224525548623,-0.0011996449051069969,0,1,0.08914663663160251,0.11263150327109933,Friday
2021-04-29,-0.9060539787065255,1.067132324408235,0.22077174121711438,-0.03651470165692342,-0.032935117817896015,0.6349586677848273,-0.06899997620690962,-0.014290477778307597,-0.0023816895705792043,0.04529642711028798,-0.03337144490496358,0.004764173415908006,0.01429252024773756,0,0,-0.016190476190472293,0.02619047619047944,Thursday
2021-04-28,0.9339219871919188,-0.9060539787065255,1.067132324408235,0.22077174121711438,-0.03651470165692342,-0.032935117817896015,-0.08857607967059382,0.04796605700313146,0.004794438451405646,-0.0539083557951537,0.037150663918309935,0.01558173820283937,0.003595785739124115,0,0,0.08290403737868618,0.1293878040014289,Wednesday
2021-04-27,-0.727255213601113,0.9339219871919188,-0.9060539787065255,1.067132324408235,0.22077174121711438,-0.03651470165692342,-0.11065916975714254,0.039489744632989605,0.015558986511554997,0.002393747531445681,-0.019146313736279653,0.022741418106949404,0.0215445013644791,0,0,0.05377406509176388,0.11317704122877167,Tuesday
2021-04-26,-0.4912653683675488,-0.727255213601113,0.9339219871919188,-0.9060539787065255,1.067132324408235,0.22077174121711438,0.07188383572147683,-0.05747126436781827,0.062347276727500595,0.013132511353151965,-0.008386849420101641,-0.021561534222953888,0.04551879447066379,0,0,0.021549659994261047,0.06225457331672994,Monday
2021-04-23,0.35593872495971746,-0.4912653683675488,-0.727255213601113,0.9339219871919188,-0.9060539787065255,1.067132324408235,0.9276078374385529,0.0,0.03478845023451777,-0.00842049505313906,-0.03834532374100558,0.03598416696652927,0.0239894446443483,0,1,-0.040314839700519856,0.028796314071786257,Friday
2021-04-22,1.054703637998487,0.35593872495971746,-0.4912653683675488,-0.727255213601113,0.9339219871919188,-0.9060539787065255,-0.8917626132730764,-0.003637377693171759,0.05459045031055073,-0.06910012244056012,-0.0145452782390522,0.04244173356292566,0.013338830548348852,0,0,0.025223127667840958,0.05335661622041795,Thursday
2021-04-21,-0.32456466937108963,1.054703637998487,0.35593872495971746,-0.4912653683675488,-0.727255213601113,0.9339219871919188,1.1056033435388914,-0.0036291089143696367,-0.021601749285147916,0.04687781717651137,-0.0012019808644635444,0.0,0.02406365690658148,0,0,-0.11632098824773017,0.0014900622461571508,Wednesday
2021-04-20,0.29393615470579776,-0.32456466937108963,1.054703637998487,0.35593872495971746,-0.4912653683675488,-0.727255213601113,-0.4130933687643386,0.00846224517185105,0.05096916620169605,-0.00485166048080893,0.008491126772528782,-0.06303717981355321,-0.00846152913651023,0,0,-0.08878323306811213,0.02183194255772729,Tuesday
2021-04-19,0.04374878475598066,0.29393615470579776,-0.32456466937108963,1.054703637998487,0.35593872495971746,-0.4912653683675488,-0.24502738541365954,0.004824450314187939,-0.05183595727752128,-0.02048908654832083,-0.005977634968000521,-0.009688614672714523,-0.0879687650631469,0,0,0.010114145354724755,0.03612194769542795,Monday
2021-04-16,0.7221719013929322,0.04374878475598066,0.29393615470579776,-0.32456466937108963,1.054703637998487,0.35593872495971746,0.04317598830100489,-0.008386748936672418,0.0248069670426852,0.022822823686729193,-0.03925326769074575,-0.011956678008333645,-0.0035941917860704362,0,1,-0.0570558920093174,0.0047686360814192886,Friday
2021-04-15,0.4697722465443517,0.7221719013929322,0.04374878475598066,0.29393615470579776,-0.32456466937108963,1.054703637998487,0.5221553412140034,0.05532703086286551,-0.007216048491852975,0.010825244470108112,0.015614845989250052,0.019299727902725418,0.03852726230953248,0,0,0.005290623572130765,0.024048288964245663,Thursday
2021-04-14,0.12805989262670092,0.4697722465443517,0.7221719013929322,0.04374878475598066,0.29393615470579776,-0.32456466937108963,-0.3221743132600126,0.04865469761105158,-0.024321432045924393,0.030411035556582772,0.014599428189063148,-0.0304062271953296,-0.00972999270251045,0,0,0.08748693771416405,0.10935867214269815,Wednesday
2021-04-13,-0.061529374123206415,0.12805989262670092,0.4697722465443517,0.7221719013929322,0.04374878475598066,0.29393615470579776,0.31830773716952454,-0.00968640271218395,0.02179915709925277,-0.0084767313723751,-0.009686754573969381,0.027857177462334456,0.031490722348722314,0,0,0.014558054055672124,0.036358800561686305,Tuesday
2021-04-12,1.4405552504119392,-0.061529374123206415,0.12805989262670092,0.4697722465443517,0.7221719013929322,0.04374878475598066,0.17766312151671207,0.029148145449246897,0.0700288452727092,-0.023839611178611927,-0.017008042374321058,-0.014576197070184942,0.014576197070184942,0,0,0.01700597638598542,0.09231815752392873,Monday
2021-04-09,1.0826498422712985,1.4405552504119392,-0.061529374123206415,0.12805989262670092,0.4697722465443517,0.7221719013929322,0.7517692288855677,-0.04010646443284929,-0.0157970204389274,0.04011621546055128,-0.015776555358077,-0.007316480311133801,0.0012153621779279176,0,1,-0.077775617343961,0.036457320629976975,Friday
2021-04-08,0.3723592887177738,1.0826498422712985,1.4405552504119392,-0.061529374123206415,0.12805989262670092,0.4697722465443517,0.11028330555827581,-0.024486997404383842,0.015919082081235745,0.011022117716221108,-0.004898479022273054,0.006123473724182604,0.028167979131203776,0,0,0.12044358491028388,0.14933046096600006,Thursday
2021-04-07,-0.25014528640372163,0.3723592887177738,1.0826498422712985,1.4405552504119392,-0.061529374123206415,0.12805989262670092,0.18233786713976177,-0.02706559716549718,-0.014760873843732107,0.029530465597008698,-0.0221429450116804,-0.022138042997006894,-0.029517390662666537,0,0,0.09346254119730323,0.10330070342860345,Wednesday
2021-04-06,-0.042935798353289874,-0.25014528640372163,0.3723592887177738,1.0826498422712985,1.4405552504119392,-0.061529374123206415,0.07640172520024702,0.022194547539495648,-0.02711931264869732,-0.04802741382110645,0.007368524816416448,0.0024644503043573713,-0.06530793306552637,0,0,-0.00689553267990445,0.02216421218538516,Tuesday
2021-04-05,1.6142692159630492,-0.042935798353289874,-0.25014528640372163,0.3723592887177738,1.0826498422712985,1.4405552504119392,0.701397838802415,-0.006147037128098663,0.0098362268233816,0.00737771438409108,0.006148473334065558,0.08245747901642661,0.10584094321510494,0,0,0.02953409957912621,0.054145849228414374,Monday
2021-04-01,0.5600289047176522,1.6142692159630492,-0.042935798353289874,-0.25014528640372163,0.3723592887177738,1.0826498422712985,0.5901705216102923,-0.03247888872232935,0.021240707190598996,-0.027480420200610475,-0.03371459967034386,-0.03495106850409086,-0.07489514679449055,0,1,0.08688270834372505,0.12732810705547284,Thursday
2021-03-31,-0.5211676208569671,0.5600289047176522,1.6142692159630492,-0.042935798353289874,-0.25014528640372163,0.3723592887177738,0.24793179345764116,0.07058586266007177,0.07820975351313224,-0.04287083270288392,0.0012609227432623733,-0.051671119624939275,-0.015123254524374219,0,0,0.006561514195586236,0.3155078864353329,Wednesday
2021-03-30,-0.7718958577469887,-0.5211676208569671,0.5600289047176522,1.6142692159630492,-0.042935798353289874,-0.25014528640372163,0.08366079350994653,0.08250929816322763,0.06986433616177462,-0.01270099321767251,0.021596351486981562,-0.03936607913852531,0.039366079138510875,0,0,-0.057247074319874136,0.02026445108669156,Tuesday
2021-03-29,0.780487804878054,-0.7718958577469887,-0.5211676208569671,0.5600289047176522,1.6142692159630492,-0.042935798353289874,0.37281257925436734,0.048048743314304906,0.06320341940869145,-0.07202881152461617,-0.018951358180666743,0.027803053280763736,-2.5275502976164683e-05,0,0,0.051039745306631384,0.07580160194052389,Monday
2021-03-26,-0.16150491426123337,0.780487804878054,-0.7718958577469887,-0.5211676208569671,0.5600289047176522,1.6142692159630492,1.266017033683723,-0.11664173238328969,-0.1392687126506663,-0.08096346523631039,-0.0493127821260114,-0.01896285808196724,-0.2882354428459423,0,1,0.011112794867919272,0.07829469111481595,Friday
2021-03-25,-1.4626655254463088,-0.16150491426123337,0.780487804878054,-0.7718958577469887,-0.5211676208569671,0.5600289047176522,0.95344197735574,0.12310848935624986,0.0076948726498506466,0.03592230518563784,0.0038489665524917443,-0.0064145327654421165,0.04105300969876537,0,0,0.09495701270370963,0.12832028743744386,Thursday
2021-03-24,0.3232813052139936,-1.4626655254463088,-0.16150491426123337,0.780487804878054,-0.7718958577469887,-0.5211676208569671,-0.8672960319287708,0.05538382277177533,0.0747596091876888,-0.005155569303735677,0.01031220191291873,0.04100781211716159,0.12096015020722978,0,0,0.08568184164343802,0.11613502632393637,Wednesday
2021-03-23,-0.13367972346137028,0.3232813052139936,-1.4626655254463088,-0.16150491426123337,0.780487804878054,-0.7718958577469887,-0.5768690813487483,-0.053902820914289266,0.06164119686656023,-0.09237638243821221,0.09631808083013343,-0.001284224585194291,0.06421122925977295,0,0,0.11912402762446547,0.16944365998306207,Tuesday
2021-03-22,0.6039229617882614,-0.13367972346137028,0.3232813052139936,-1.4626655254463088,-0.16150491426123337,0.780487804878054,0.5919585885247167,-0.04199776945745675,0.0330946982242543,0.0076437015898829785,-0.04584118575867336,0.024199814043541143,0.01907964286169519,0,0,0.06929230142150898,0.09171039894022438,Monday
2021-03-19,0.14993646763661053,0.6039229617882614,-0.13367972346137028,0.3232813052139936,-1.4626655254463088,-0.16150491426123337,-0.19218449711723254,0.03328980051727112,0.058932048785492006,0.02050230650947824,-0.030744004919041952,0.11028751699197385,0.1590192105465656,0,1,0.034403080872903134,0.09227214377406771,Friday
2021-03-18,1.0217963187984036,0.14993646763661053,0.6039229617882614,-0.13367972346137028,0.3232813052139936,-1.4626655254463088,-0.7606298014830086,0.08563613579078366,-0.043438266394876496,-0.04086636700773567,0.005108556708012464,-0.028063641859190375,-0.10722405122562609,0,0,0.2161416418393347,0.2784803658535112,Thursday
2021-03-17,0.6225362302402333,1.0217963187984036,0.14993646763661053,0.6039229617882614,-0.13367972346137028,0.3232813052139936,0.6690658421061201,-0.00627646877340428,0.005016385306923352,-0.010082169689763651,-0.037793847124148856,-0.04784929985855067,-0.09068701502065876,0,0,0.02013997282469941,0.05286742847539908,Wednesday
2021-03-16,1.4067166133719122,0.6225362302402333,1.0217963187984036,0.14993646763661053,0.6039229617882614,-0.13367972346137028,-0.2896068900064929,0.005045281277445681,0.034067251395585384,0.09092860847520934,-0.03153722647837917,-0.025268844492337777,0.06815772200032233,0,0,0.09799464564377527,0.19432237201443806,Tuesday
2021-03-15,-0.48358294571882354,1.4067166133719122,0.6225362302402333,1.0217963187984036,0.14993646763661053,0.6039229617882614,0.5248478702210517,-0.0492449113608652,-0.059311232546419505,-0.018925534312110196,-0.02774974768509956,-0.0037839134206333795,-0.10973348641428016,0,0,0.04388730553851967,0.0655787322306499,Monday
2021-03-12,1.8222599740578398,-0.48358294571882354,1.4067166133719122,0.6225362302402333,1.0217963187984036,0.14993646763661053,0.5382927700851452,0.0076207894552643585,-0.05839193681115959,-0.0545539895515221,-0.02283133989822937,0.03425874244224906,-0.10150738473110173,0,1,0.06901976720699259,0.1141871147596806,Friday
2021-03-11,-1.237383667634021,1.8222599740578398,-0.48358294571882354,1.4067166133719122,0.6225362302402333,1.0217963187984036,0.3212318986714994,-0.024128209543978773,0.03557000929732839,0.04575379365557421,0.0038129616254317907,-0.0012709710545977361,0.08388408730843894,0,0,0.001016518450580535,0.025412960754664548,Thursday
2021-03-10,-1.3193636010727439,-1.237383667634021,1.8222599740578398,-0.48358294571882354,1.4067166133719122,0.6225362302402333,0.02565353617352611,0.04105090314777438,0.03593244689526502,-0.002566537550386217,-0.012831040669670519,0.01539962002440567,0.03593244689526502,0,0,0.1643305000419344,0.22337754742128774,Wednesday
2021-03-09,-0.7624768947053228,-1.3193636010727439,-1.237383667634021,1.8222599740578398,-0.48358294571882354,1.4067166133719122,0.3577632020923928,-0.15455154304442015,0.1767582281822458,0.052926445218385465,-0.02968163221941198,0.06069058134703786,0.26084037084074463,0,0,0.00826638439299101,0.06716437205921036,Tuesday
2021-03-08,2.419015565896517,-0.7624768947053228,-1.3193636010727439,-1.237383667634021,1.8222599740578398,-0.48358294571882354,-0.6971541542623879,0.04702440033970028,0.12293688369848298,0.005231630572398118,0.002615883712892549,-0.006539281632216021,0.12424634786273119,0,0,0.19018179919379075,0.311730497343128,Monday
2021-03-05,-0.5413321478460378,2.419015565896517,-0.7624768947053228,-1.3193636010727439,-1.237383667634021,1.8222599740578398,0.8293029124188787,0.11713869235641183,0.14076429796798798,-0.10416124167261079,-0.024732176415261084,0.11859458887600034,0.13032372408841275,0,1,0.07638264297519734,0.12382851684543594,Friday
2021-03-04,-2.391770471611919,-0.5413321478460378,2.419015565896517,-0.7624768947053228,-1.3193636010727439,-1.237383667634021,-1.1700201997743929,0.10299127100713279,-0.02660565092489774,0.14787972429016585,-0.09184080922601692,-0.1461988304417284,-0.11695906440672282,0,0,0.0902503117692828,0.13537546786696322,Thursday
2021-03-03,1.0993548388095677,-2.391770471611919,-0.5413321478460378,2.419015565896517,-0.7624768947053228,-1.3193636010727439,-1.1070206366374895,0.01125713390869716,-0.006544416863853203,-0.03140333662588047,0.014526152813339162,0.07845037579922574,0.0550069411922765,0,0,0.014680823026892841,0.08126884256373848,Wednesday
2021-03-02,0.10074655782962418,1.0993548388095677,-2.391770471611919,-0.5413321478460378,2.419015565896517,-0.7624768947053228,-0.841392401871488,-0.009014363289115911,0.010306881593451844,0.015501472520810104,0.023257616950121594,0.043950362038856626,0.0930455016137575,0,0,0.12986677011742598,0.16815418437156723,Tuesday
2021-03-01,-0.7461155840004018,0.10074655782962418,1.0993548388095677,-2.391770471611919,-0.5413321478460378,2.419015565896517,1.0873796487653007,-0.023098837438533776,0.07702974948583335,0.015439155224299035,0.0025689770995323776,0.024411239303975447,0.11948659307462887,0,0,0.05493941248017807,0.10269049067253712,Monday
2021-02-26,-0.18682021746456862,-0.7461155840004018,0.10074655782962418,1.0993548388095677,-2.391770471611919,-0.5413321478460378,-1.0588204686656664,0.19233285355782664,-0.013082155751299554,0.0026164994516602673,0.08379815126014946,0.013095175811838616,0.08642815999031273,0,1,0.009465713011008587,0.1525031552091919,Friday
2021-02-25,-0.42810182711210304,-0.18682021746456862,-0.7461155840004018,0.10074655782962418,1.0993548388095677,-2.391770471611919,-2.0843469131686416,0.00652477447527183,0.07443779881394645,0.013060968413735012,0.01306267478767085,0.015677667304829248,0.11627603157162256,0,0,0.25837495728563203,0.36611836082150634,Thursday
2021-02-24,0.02293928743230683,-0.42810182711210304,-0.18682021746456862,-0.7461155840004018,0.10074655782962418,1.0993548388095677,1.4134092674596694,-0.02805728783563711,0.001275347309147567,-0.0025506298154147925,-0.025499796146826906,0.0676201533071948,0.040827262176119095,0,0,0.09699816218029995,0.1557075759805797,Wednesday
2021-02-23,-0.08912882935311685,0.02293928743230683,-0.42810182711210304,-0.18682021746456862,-0.7461155840004018,0.10074655782962418,0.7356955311470835,-0.04900873956042171,0.0748194013013922,0.0,-0.06703449689963091,0.0038675242385837268,0.011602572974414593,0,0,0.011870967788837974,0.09806451632514226,Tuesday
2021-02-22,0.5016251632403753,-0.08912882935311685,0.02293928743230683,-0.42810182711210304,-0.18682021746456862,-0.7461155840004018,0.0,0.074902497467321,-0.049049979315915086,0.0749218488769423,-0.00774993561684845,-0.010358007354369746,0.0077233021758511666,0,0,0.055281444678929335,0.11366278326550573,Monday
2021-02-19,0.1614970518258891,0.5016251632403753,-0.08912882935311685,0.02293928743230683,-0.42810182711210304,-0.18682021746456862,-0.5431595052122205,0.05129125743997944,0.0654391478913912,-0.016036434678094298,-0.012186205272200315,-0.020519923577197084,0.016672437809981913,0,1,-0.04820265628100016,0.012819855207804253,Friday
2021-02-18,-0.038436899385239504,0.1614970518258891,0.5016251632403753,-0.08912882935311685,0.02293928743230683,-0.42810182711210304,0.27715759481835794,0.0038385261048884613,-0.019188947147394535,0.033271908101882096,-0.002559311866061494,0.01023829609761545,0.021756379528453235,0,0,0.03889955211837027,0.07421625091429643,Thursday
2021-02-17,-0.07169743686521586,-0.038436899385239504,0.1614970518258891,0.5016251632403753,-0.08912882935311685,0.02293928743230683,0.4659378919454296,0.021658534146099695,-0.017833258976289967,0.001273820219482364,-0.007642338496878976,0.040775758839035406,0.01656515193249423,0,0,-0.01223148083306381,0.007644675424804848,Wednesday
2021-02-16,0.7351423855181344,-0.07169743686521586,-0.038436899385239504,0.1614970518258891,0.5016251632403753,-0.08912882935311685,-0.3859239323689965,-0.036937969870157725,0.037971360884655185,-0.03286372998497783,-0.01782985221518327,-0.002547056941402226,-0.01528234113730708,0,0,-0.0015292858629263773,0.06881786204122055,Tuesday
2021-02-12,0.3910194991244284,0.7351423855181344,-0.07169743686521586,-0.038436899385239504,0.1614970518258891,0.5016251632403753,0.7362372376196491,0.02547154180926478,-0.011460879979808554,0.006367561005242874,-0.020372044475802212,-0.004303409302182754,-0.029767368903631727,0,1,0.09167536740036836,0.10695459517267196,Friday
2021-02-11,1.128685906004773,0.3910194991244284,0.7351423855181344,-0.07169743686521586,-0.038436899385239504,0.1614970518258891,-0.15077174694624013,-0.026889981483062438,-0.002560885107830606,-0.033715484669598866,0.01618195471908656,-0.03493773903004476,-0.05503013847606505,0,0,-0.03787781839110959,0.0076779363685618735,Thursday
2021-02-10,0.08387062961091203,1.128685906004773,0.3910194991244284,0.7351423855181344,-0.07169743686521586,-0.038436899385239504,-0.4796163067684524,0.0,0.0,0.05262685003006988,-0.04811115596710436,-0.026293849966979203,-0.021804655982292764,0,0,0.08203024845258797,0.1281722634804419,Wednesday
2021-02-09,1.4248498058442902,0.08387062961091203,1.128685906004773,0.3910194991244284,0.7351423855181344,-0.07169743686521586,0.18226626283077157,0.01537791207398584,0.030765286522594346,0.03639319102173494,-0.04919251472107875,-0.007689744385093654,0.010252992599154853,0,0,0.08968609865124862,0.10249839853201823,Tuesday
2021-02-08,1.6180880088059215,1.4248498058442902,0.08387062961091203,1.128685906004773,0.3910194991244284,0.7351423855181344,0.3211056309327082,-0.029970132417614568,-0.0025636753509198397,-0.011535207801074868,0.03846548360117097,-0.02307396495626798,0.0012818869705903573,0,0,-0.012803113790151617,0.02304560451399919,Monday
2021-02-05,-1.962394067864129,1.6180880088059215,1.4248498058442902,0.08387062961091203,1.128685906004773,0.3910194991244284,-0.14166859854259248,-0.01806777993358999,-0.021934634835580086,-0.001290256020021465,-0.019350094796246074,-0.04255209414000499,-0.08510418828000998,0,1,0.07893107703649006,0.1083367725400265,Friday
2021-02-04,0.8439269309196559,-1.962394067864129,1.6180880088059215,1.4248498058442902,0.08387062961091203,1.128685906004773,0.8118832561112198,-0.02464332047746072,-0.01685837658187269,-0.010373309481764768,0.010374385648894958,-0.047958522294103224,-0.06480881384768447,0,0,0.05955926144056122,0.0802755263120312,Thursday
2021-02-03,-2.4463955397161747,0.8439269309196559,-1.962394067864129,1.6180880088059215,1.4248498058442902,0.08387062961091203,-0.16993019808399876,0.003896800278239675,-0.0065378280404755525,0.014385290494859678,0.020928437837130057,-0.02092405875849978,0.007846521968828448,0,0,0.22940344636621535,0.26973236276351464,Wednesday
2021-02-02,-0.14828303840643395,-2.4463955397161747,0.8439269309196559,-1.962394067864129,1.6180880088059215,1.4248498058442902,0.5137121628766177,0.06543474857890076,0.06335477553629944,-0.037150487130970876,0.010499583821036208,0.06285369947604277,0.09955984064033806,0,0,0.1514913248004647,0.235886145649238,Tuesday
2021-02-01,0.40223580408982007,-0.14828303840643395,-2.4463955397161747,0.8439269309196559,-1.962394067864129,1.6180880088059215,0.6797987368110003,-0.030496698388336,0.04244819995981405,0.026537165451147354,-0.010640271019040965,0.05445156817426869,0.1128323576418716,0,0,-0.0802807166659973,0.035807326402297834,Monday
2021-01-29,-0.34877667865822526,0.40223580408982007,-0.14828303840643395,-2.4463955397161747,0.8439269309196559,-1.962394067864129,-1.4692182799858104,0.09549299945264052,-0.10345568868835184,-0.026864388449992064,0.17761989341365594,0.21846427699036625,0.2656633493249417,0,1,-0.015127367092202405,0.3700802291192906,Friday
2021-01-28,0.08857395918537667,-0.34877667865822526,0.40223580408982007,-0.14828303840643395,-2.4463955397161747,0.8439269309196559,0.3348036351047537,0.06364668281924693,0.16709058515688874,0.012720493014537069,-0.009255219255714502,0.07274601797155714,0.2434305637067794,0,0,0.06567796588051196,0.19862288115839147,Thursday
2021-01-27,1.3812957241345083,0.08857395918537667,-0.34877667865822526,0.40223580408982007,-0.14828303840643395,-2.4463955397161747,-1.5305317412926043,0.04411115991870323,-0.02271876815628488,-0.07344791209258333,0.11631638033208279,-0.026732249670173378,-0.0066830623504941745,0,0,-0.11804294427692436,0.21365238744232726,Wednesday
2021-01-26,0.785242759727348,1.3812957241345083,0.08857395918537667,-0.34877667865822526,0.40223580408982007,-0.14828303840643395,-0.3996159533799867,0.011724245780816198,-0.00781555289034392,0.009118976563804455,0.027364415755362304,0.002606202829719456,0.03127443317211181,0,0,0.2516739180369339,0.28919052692546987,Tuesday
2021-01-25,-0.7319328841649763,0.785242759727348,1.3812957241345083,0.08857395918537667,-0.34877667865822526,0.40223580408982007,0.1772125509387838,-0.046864016147381206,-0.03383478224426297,0.0,-0.03902489784604156,-0.006503726541915305,-0.07934546490741154,0,0,0.028616024875945854,0.0832466181626192,Monday
2021-01-22,-0.344954708140755,-0.7319328841649763,0.785242759727348,1.3812957241345083,0.08857395918537667,-0.34877667865822526,0.17530547638698038,0.026068482050449027,0.016947384801558277,-0.018247699433467164,0.011732040242460383,0.027382256218384127,0.03781359195800938,0,1,0.020372982239477935,0.06268609913788363,Friday
2021-01-21,0.2507853539741325,-0.344954708140755,-0.7319328841649763,0.785242759727348,1.3812957241345083,0.08857395918537667,-0.08062209044228137,-0.007800514774052381,-0.03638915618653083,0.0481088041068504,0.030304725063654454,0.015219710045118625,0.057236516806076526,0,0,-0.011452368591945926,0.056168662296414255,Thursday
2021-01-20,0.018482336378533925,0.2507853539741325,-0.344954708140755,-0.7319328841649763,0.785242759727348,1.3812957241345083,0.7295056157193722,-0.014305221513384824,0.04163251502250613,-0.014309129332034933,0.011708840214904748,0.03644077712382506,0.07548446697398738,0,0,0.04428697972337011,0.06252279481134586,Wednesday
2021-01-19,-0.655754905097177,0.018482336378533925,0.2507853539741325,-0.344954708140755,-0.7319328841649763,0.785242759727348,0.09517011664809619,-0.005276905493776489,0.028635410465580026,-0.00884056628701468,0.021116258213402263,0.03567280184299343,0.07660014682268915,0,0,-0.0015846605273237167,0.023769907379727485,Tuesday
2021-01-15,0.5751068432372326,-0.655754905097177,0.018482336378533925,0.2507853539741325,-0.344954708140755,-0.7319328841649763,-0.31575874958328815,0.03993291266699938,-0.02328877421135038,0.045933243800558556,-0.02529017155806342,0.01464382241400088,0.011981309199244363,0,1,-0.14640119259020234,0.005323679597512744,Friday
2021-01-14,1.4804701094937074,0.5751068432372326,-0.655754905097177,0.018482336378533925,0.2507853539741325,-0.344954708140755,-0.5910165484032296,0.0052870890650361805,0.013219469710157604,-0.0013219295223320209,0.030413625291638983,-0.10039630112462261,-0.0581241742795071,0,0,0.052847139631379596,0.1004095652677963,Thursday
2021-01-13,0.5951739738616478,1.4804701094937074,0.5751068432372326,-0.655754905097177,0.018482336378533925,0.2507853539741325,0.2878495787856509,0.01842105257805523,0.00789536009936455,-0.015788227123929608,0.0026314405182857295,0.013185254748869644,0.007921680052065757,0,0,0.09005687797047873,0.12376237625558245,Wednesday
2021-01-12,0.6696489088853996,0.5951739738616478,1.4804701094937074,0.5751068432372326,-0.655754905097177,0.018482336378533925,-0.013197487008772518,-0.015823619267656255,-0.014502880908544869,0.0039554876816684246,-0.007910349312980892,-0.030313813860729136,-0.04876570051254632,0,0,-0.0010559384133621433,0.021118766413473516,Tuesday
2021-01-11,-1.3374348001555594,0.6696489088853996,0.5951739738616478,1.4804701094937074,0.5751068432372326,-0.655754905097177,0.235543204936315,0.0721094183222744,0.00660144456609105,0.019808256061455847,0.007923930208549776,0.009245439990053925,0.04358564585667502,0,0,0.12832021974972652,0.174262026706143,Monday
2021-01-08,0.5162261716722402,-1.3374348001555594,0.6696489088853996,0.5951739738616478,1.4804701094937074,0.5751068432372326,0.13132321264841398,-0.020978104118099236,0.026229508082941763,0.0026230196877656763,-0.023601604990926162,-0.023596035947698366,-0.018352472549891266,0,1,0.1363970203423348,0.1547581576303003,Friday
2021-01-07,0.12113707320787481,0.5162261716722402,-1.3374348001555594,0.6696489088853996,0.5951739738616478,1.4804701094937074,0.8031060524248465,-0.020801576924984883,0.16983396429636488,-0.017141350387940357,-0.032162647863759754,0.0005272593197083597,0.1209796479979835,0,0,0.024798184987516247,0.06595261974898722,Thursday
2021-01-06,-0.17735260921854745,0.12113707320787481,0.5162261716722402,-1.3374348001555594,0.6696489088853996,0.5951739738616478,1.0961351087989317,-0.13769667136199704,0.04550930246626434,0.03749230084805946,-0.09898871007053282,0.053536056570375655,0.03747523946498056,0,0,0.12743287019038121,0.17133831296937496,Wednesday
2021-01-05,1.2543193753901105,-0.17735260921854745,0.12113707320787481,0.5162261716722402,-1.3374348001555594,0.6696489088853996,0.8747622927662745,-0.020185165229156293,0.045773984320028584,0.04900216338743385,-0.04897816302796273,0.016373611221445768,0.06215509039570748,0,0,-0.012926855605206226,0.04039642352981658,Tuesday
2021-01-04,0.08441806000755595,1.2543193753901105,-0.17735260921854745,0.12113707320787481,0.5162261716722402,-1.3374348001555594,-1.7578905314854512,0.0785971760435249,0.1193932652156415,-0.012209184061870363,-0.05558869794037958,-0.002684455364717851,0.048835393708706314,0,0,0.0460891961951148,0.14097871773165074,Monday
2020-12-31,-0.19297148920469812,0.08441806000755595,1.2543193753901105,-0.17735260921854745,0.12113707320787481,0.5162261716722402,0.5486673301908155,0.029407047218974757,0.03342826940693444,-0.0863307966598619,0.006626882117543447,-0.017819930459998856,-0.06411969013174725,0,1,0.0814551290138684,0.22468904629303463,Thursday
2020-12-30,-0.32508872207927475,-0.19297148920469812,0.08441806000755595,1.2543193753901105,-0.17735260921854745,0.12113707320787481,-0.12889020174689056,0.052392595181670644,0.0026868720129044877,0.029564329245507427,0.010751821096953844,-0.03713374746873478,0.005857566702810132,0,0,-0.0365660204046489,0.2876885436710812,Wednesday
2020-12-29,-0.40305579850413187,-0.32508872207927475,-0.19297148920469812,0.08441806000755595,1.2543193753901105,-0.17735260921854745,-0.6286279858063413,0.008080155076913748,0.03772161464589918,0.0,-0.04039968780576771,0.020203924929033116,0.017510068199761704,0,0,0.07591256596336218,0.11036933334916786,Tuesday
2020-12-28,0.5592478521896644,-0.40305579850413187,-0.32508872207927475,-0.19297148920469812,0.08441806000755595,1.2543193753901105,0.10221648368725529,0.009407337696109106,-0.001343887363117093,0.004031824638866095,-0.02149844137761248,-0.02552288339822261,-0.044329218391896484,0,0,0.038695114660152886,0.053743214955553016,Monday
2020-12-23,0.15423329819999199,0.5592478521896644,-0.40305579850413187,-0.32508872207927475,-0.19297148920469812,0.08441806000755595,-0.23073999669500636,0.04074315510947077,-0.02443991861829186,0.032597180365990575,-0.02308433936231226,0.0013579207867207654,-0.01357920759478185,0,1,-0.04734307394408989,0.07890512351309001,Wednesday
2020-12-22,1.360357642179856,0.15423329819999199,0.5592478521896644,-0.40305579850413187,-0.32508872207927475,-0.19297148920469812,-0.2553237723099162,-0.03269754770608326,-0.03813259236082241,0.017707552861925196,-0.027234969582968664,0.004085412186247072,-0.04357773180861746,0,0,-0.026142366936580248,0.021785305826041306,Tuesday
2020-12-21,-0.4559353497793546,1.360357642179856,0.15423329819999199,0.5592478521896644,-0.40305579850413187,-0.32508872207927475,0.8165502125005112,-0.15110881175343213,-0.12644459576940972,0.06258162845799266,0.04763914017930396,-0.05849385121314387,-0.07481771685206763,0,0,-0.02283042979860286,0.027179082859826557,Monday
2020-12-18,-0.1199825480502566,-0.4559353497793546,1.360357642179856,0.15423329819999199,0.5592478521896644,-0.40305579850413187,-0.5763999245691849,0.02571529124345917,-0.13516070630666513,-0.07158389492117799,0.09869399463894506,-0.04999797298745159,-0.15810169858554857,0,1,0.26819819576298476,0.3332159403419218,Friday
2020-12-17,-0.046335413950031726,-0.1199825480502566,-0.4559353497793546,1.360357642179856,0.15423329819999199,0.5592478521896644,0.07582112673913363,-0.05910324251165919,0.02015289316100717,0.018490339169938065,-0.0050523373825254484,0.020159664420430667,0.05375910530169063,0,0,0.040837161846586825,0.07253969532481527,Thursday
2020-12-16,-0.8833749955305236,-0.046335413950031726,-0.1199825480502566,-0.4559353497793546,1.360357642179856,0.15423329819999199,0.0784101663148651,-0.04454162622952499,-0.005398693555826132,0.008098696169436967,0.02565244972531688,0.033764620056357844,0.06212690086015529,0,0,0.002701680465085052,0.054033609029520424,Wednesday
2020-12-15,0.28172410051469765,-0.8833749955305236,-0.046335413950031726,-0.1199825480502566,-0.4559353497793546,1.360357642179856,0.5769492446461855,0.002682199304370872,0.0040911984689359256,-0.006773048734439164,-0.01896094032902563,-0.04602680390990764,-0.06765940166847853,0,0,-0.0703520307100863,0.008117542067919533,Tuesday
2020-12-14,-0.19198009901227836,0.28172410051469765,-0.8833749955305236,-0.046335413950031726,-0.1199825480502566,-0.4559353497793546,-1.082474226827662,-0.02325485947685622,0.03694783512620184,0.060274964575170925,0.05614390807963757,-0.15170604327508638,0.0015047488064839007,0,0,0.12780779446326704,0.1645593920543148,Monday
2020-12-11,0.8618653623959085,-0.19198009901227836,0.28172410051469765,-0.8833749955305236,-0.046335413950031726,-0.1199825480502566,0.3891903742113572,-0.057915601054324854,0.00543671294374411,-0.002677304641616391,-0.01166403743146401,-0.012973534085950873,-0.021877475308361073,0,1,0.005460303632996528,0.04641258060542152,Friday
2020-12-10,-0.024566480801181283,0.8618653623959085,-0.19198009901227836,0.28172410051469765,-0.8833749955305236,-0.046335413950031726,0.3502626968383284,-0.017715973014117165,0.07489310711208644,0.04223030504749159,0.014987192872670339,-0.0076837521694561066,0.12446588387135396,0,0,-0.020724258167192675,0.03544938916544688,Thursday
2020-12-09,0.21583736371791923,-0.024566480801181283,0.8618653623959085,-0.19198009901227836,0.28172410051469765,-0.8833749955305236,-1.0651493905188565,-0.032941663166976935,-0.11258260147975277,0.020644404726190474,-0.05868921097593989,0.007639151429747242,-0.14296903117314758,0,0,-0.03543296359915265,0.07890648431768285,Wednesday
2020-12-08,1.0966850828566614,0.21583736371791923,-0.024566480801181283,0.8618653623959085,-0.19198009901227836,0.28172410051469765,0.6744723673642942,0.03918442353161617,-0.017562346458455468,-0.01755926236777706,-0.010804532580760095,-0.012126616888319508,-0.05804031163121749,0,0,0.04379188559900776,0.05946078988227895,Tuesday
2020-12-07,-0.1792361780606786,1.0966850828566614,0.21583736371791923,-0.024566480801181283,0.8618653623959085,-0.19198009901227836,0.046076704225846955,-0.061271667694141024,-0.04448963002820228,-0.01897430323829941,0.0216896214022628,-0.056902858563267586,-0.09865871828032557,0,0,-0.03467706976936247,0.03792804508582571,Monday
2020-12-04,-0.14868250776085393,-0.1792361780606786,1.0966850828566614,0.21583736371791923,-0.024566480801181283,0.8618653623959085,0.6833278885717605,-0.0027067262345288044,0.03568738276050553,-0.030289897942188438,-0.04867292539389129,-0.014878335899796181,-0.05816076733576381,0,1,-0.08111835178050633,0.02974339556022921,Friday
2020-12-03,1.6001342769175693,-0.14868250776085393,-0.1792361780606786,1.0966850828566614,0.21583736371791923,-0.024566480801181283,-0.010962340762917275,0.010937927067604745,-0.030070254995880612,-0.027301802976130676,0.05739677324814449,-0.09288602324204011,-0.09288602324204011,0,0,0.05569043319327193,0.11187177141796686,Thursday
2020-12-02,0.5965949065600755,1.6001342769175693,-0.14868250776085393,-0.1792361780606786,1.0966850828566614,0.21583736371791923,0.545521835884658,-0.014981175194762313,0.012417634277688171,-0.0097148314417487,-0.02728140764618355,-0.010911372458049936,-0.03548923857891692,0,0,0.08236996464503112,0.12272334026747526,Wednesday
2020-12-01,-0.6694712715658592,0.5965949065600755,1.6001342769175693,-0.14868250776085393,-0.1792361780606786,1.0966850828566614,0.11763418507852083,-0.04779125783991984,0.042323130309112375,0.01775156021944345,0.03278285453264951,0.02049348294759331,0.11339727300752349,0,0,-0.010383364832958103,0.027324644021911145,Tuesday
2020-11-30,0.40837520014992734,-0.6694712715658592,0.5965949065600755,1.6001342769175693,-0.14868250776085393,-0.1792361780606786,-0.22875726925861062,0.03023394001282547,0.029026372467409793,0.04425023512576586,0.019363226609014062,0.033205124622711586,0.12590276441515408,0,0,0.2408839777215579,0.30662983427974067,Monday
2020-11-25,-1.2061889975366082,0.40837520014992734,-0.6694712715658592,0.5965949065600755,1.6001342769175693,-0.14868250776085393,-0.10742617889003968,-0.030333530905878727,0.012410711914465402,-0.008273123440637836,0.016548984839245058,-0.037221356783007545,-0.016542825360369093,0,1,0.020405349604868398,0.08272438995964178,Wednesday
2020-11-24,-0.4966339253723346,-1.2061889975366082,0.40837520014992734,-0.6694712715658592,0.5965949065600755,1.6001342769175693,0.8412927587997028,-0.016544619186003827,-0.028869043525041525,0.059204185755761446,-0.057793923529008646,0.07022762007074215,0.042714917142384366,0,0,0.04735813217763164,0.10738181112977818,Tuesday
2020-11-23,1.2260857422184708,-0.4966339253723346,-1.2061889975366082,0.40837520014992734,-0.6694712715658592,0.5965949065600755,0.0783896525775018,0.060165104117547136,0.08121884280372645,0.014005210040993222,-0.06997704747850006,-0.019589735122739944,0.005597067177930278,0,0,0.0027974375677695534,0.036366688098968245,Monday
2020-11-20,1.350203804285437,1.2260857422184708,-0.4966339253723346,-1.2061889975366082,0.40837520014992734,-0.6694712715658592,-0.6458647877433726,0.06747069234703461,-0.03372396927575477,0.03370722397677597,0.03658810976826705,-0.011247961389627152,0.02530791312669733,0,1,-0.07654425214102344,0.6948923595559992,Friday
2020-11-19,-0.9365711402483068,1.350203804285437,1.2260857422184708,-0.4966339253723346,-1.2061889975366082,0.40837520014992734,0.6088643907963689,0.030739995472982666,0.04473272203303707,0.01677758498775967,-0.055894024776219194,0.005589714965635863,0.011179429931207695,0,0,0.062334903247552066,0.09084683206320042,Thursday
2020-11-18,0.7201965714689257,-0.9365711402483068,1.350203804285437,1.2260857422184708,-0.4966339253723346,-1.2061889975366082,-1.2937721631350843,-0.02381519426877015,-0.04567628195267336,-0.0033324930754691285,0.08688827828195367,-0.044825460908758656,-0.007003978311124082,0,0,0.06343147448745365,0.16278873957476214,Wednesday
2020-11-17,-0.1325661421645231,0.7201965714689257,-0.9365711402483068,1.350203804285437,1.2260857422184708,-0.4966339253723346,0.23064944544151236,0.03605002632965368,0.008319929064372912,-0.03465435741414408,0.01247712536200634,0.01109200801015871,-0.002773002072404978,0,0,0.041592723792871496,0.06100266182365925,Tuesday
2020-11-16,1.2421828149606482,-0.1325661421645231,0.7201965714689257,-0.9365711402483068,1.350203804285437,1.2260857422184708,0.3738680107017045,0.04150525735870723,0.008301740659267013,0.011070212627297677,-0.030433820219230856,-0.11330661876162768,-0.1243609231125471,0,0,0.0695287498189834,0.11036309483605088,Monday
2020-11-13,-0.005710859240694322,1.2421828149606482,-0.1325661421645231,0.7201965714689257,-0.9365711402483068,1.350203804285437,0.7286333201725493,0.0433057666884547,0.011484331615294809,0.01646079036103922,-0.10748035337469598,-0.04046323428428512,-0.11999441890230708,0,1,0.03295629120669886,0.07820136853572245,Friday
2020-11-12,1.956388832276889,-0.005710859240694322,1.2421828149606482,-0.1325661421645231,0.7201965714689257,-0.9365711402483068,-0.6356528099453868,-0.05310161029839838,-0.005669898550469085,0.035449427820921066,-0.060935861625028405,-0.0764655904752161,-0.10761823867910925,0,0,0.19870923916431535,0.2802309783232565,Thursday
2020-11-11,2.23829508612215,1.956388832276889,-0.005710859240694322,1.2421828149606482,-0.1325661421645231,0.7201965714689257,0.07576820540712244,0.022456481203037358,0.033625936033616285,0.014024458476273717,0.0028049704281964197,-0.03785276675240408,0.012589549710203679,0,0,0.15422578655430128,0.18787504903926716,Wednesday
2020-11-10,1.7443445080414999,2.23829508612215,1.956388832276889,-0.005710859240694322,1.2421828149606482,-0.1325661421645231,0.2179450890493403,0.07632317275143354,0.06217660555034795,-0.022614841155509702,-0.08755578157990876,-0.012708094865371175,-0.060744694179224144,0,0,0.14516903458466413,0.17228231718353926,Tuesday
2020-11-09,1.1270021130777104,1.7443445080414999,2.23829508612215,1.956388832276889,-0.005710859240694322,1.2421828149606482,-2.8338083754610075,0.14896008989966514,0.1308624257091426,0.10846598106936532,-0.008451180410313381,0.02535997059751998,0.2564174813690776,0,0,0.20759293737448778,0.29333784610473224,Monday
2020-11-06,-1.0485166217852195,1.1270021130777104,1.7443445080414999,2.23829508612215,1.956388832276889,-0.005710859240694322,0.00856751205746745,0.02564029504957049,0.1326505870554542,0.007132260693731958,0.04138423119737396,0.01998258646226089,0.20125319368580624,0,1,0.09937462507023578,0.1599131900063418,Friday
2020-11-05,1.0132239500844975,-1.0485166217852195,1.1270021130777104,1.7443445080414999,2.23829508612215,1.956388832276889,0.28636064267715,-0.023701548777030734,0.03426632283574029,0.0199474915095349,0.028545329906090045,-0.05705808497497534,0.025676138497467728,0,0,0.14791125312611372,0.27983210049331536,Thursday
2020-11-04,-3.420546932846522,1.0132239500844975,-1.0485166217852195,1.1270021130777104,1.7443445080414999,2.23829508612215,0.8929358202860668,-0.05227409740798047,0.2911245015145768,-0.0014554557866688677,-0.036373159492169856,0.06405776834410044,0.31740624263499345,0,0,0.07685813267460413,0.15429852393450055,Wednesday
2020-11-03,-0.34323762930079527,-3.420546932846522,1.0132239500844975,-1.0485166217852195,1.1270021130777104,1.7443445080414999,0.6832689021610092,-0.022519789868831318,0.26555499496218987,0.0,0.06828978642585587,0.13378920745506592,0.468262226691796,0,0,-0.18692145125394205,0.057802780110940075,Tuesday
2020-11-02,-1.835087922334722,-0.34323762930079527,-3.420546932846522,1.0132239500844975,-1.0485166217852195,1.1270021130777104,-0.0030282841964352734,-0.03034256750526427,-0.10003031233973249,-0.012123416162428154,-0.03938558486006662,0.19731649557937975,0.045534575950003875,0,0,0.03995033468253153,0.13627691477655599,Monday
2020-10-30,0.32788787982519657,-1.835087922334722,-0.34323762930079527,-3.420546932846522,1.0132239500844975,-1.0485166217852195,-0.4785126487197148,0.006162758495967356,-0.10158221984917513,-0.030773018443667942,-0.049274083765221355,-0.1994658809033769,-0.3806366454984904,0,1,0.2266254250448618,0.3583131720011748,Friday
2020-10-29,0.5661093116660101,0.32788787982519657,-1.835087922334722,-0.34323762930079527,-3.420546932846522,1.0132239500844975,0.945243193490838,0.12048555707217064,0.14630246890170448,0.0981339453991098,-0.048288766876327494,0.09364710155052859,0.2900039271367273,0,0,0.19818782380271702,0.33940422442114054,Thursday
2020-10-28,-0.189316712513603,0.5661093116660101,0.32788787982519657,-1.835087922334722,-0.34323762930079527,-3.420546932846522,-1.6379621825424628,0.16210925547919294,0.08878003983333976,0.03521827670459099,0.06435302214891267,-0.09304136892190805,0.09524570533267365,0,0,0.05203869237215667,0.5239990204980098,Wednesday
2020-10-27,0.3859423427372984,-0.189316712513603,0.5661093116660101,0.32788787982519657,-1.835087922334722,-0.34323762930079527,-0.4707959392860895,-0.04427129452045455,0.06792876360267687,0.04432100227353388,0.010342636559597105,-0.02363472519612995,0.09897041240999521,0,0,0.03961566881751294,0.10938654832082911,Tuesday
2020-10-26,-1.5032830319270787,0.3859423427372984,-0.189316712513603,0.5661093116660101,0.32788787982519657,-1.835087922334722,-0.7848582287572928,-0.06356997119077924,-0.16530389352175048,-0.0560538117736722,-0.025070418268026293,-0.09282178226623523,-0.3388731731455297,0,0,0.06982602440484606,0.11637670694560598,Monday
2020-10-23,-0.07769560587280216,-1.5032830319270787,0.3859423427372984,-0.189316712513603,0.5661093116660101,0.32788787982519657,-0.0346941135289835,-0.05732723694991856,0.017366136162313906,-0.014469686114103656,-0.03182317878853738,0.028938534473587206,0.0,0,1,-0.13998148997189122,0.005784359135503965,Friday
2020-10-22,-0.1321953042953285,-0.07769560587280216,-1.5032830319270787,0.3859423427372984,-0.189316712513603,0.5661093116660101,0.5103826410866122,-0.04349591141164248,0.11042743919237487,0.07687056051846652,-0.05952035320199975,-0.021770997995160888,0.10595219108159631,0,0,0.01799030852043913,0.10445985567993832,Thursday
2020-10-21,-0.6225903184046558,-0.1321953042953285,-0.07769560587280216,-1.5032830319270787,0.3859423427372984,-0.189316712513603,-0.21256770145162807,0.002912310357186636,0.005824959702731755,0.04076220375271897,0.043753279266946644,0.039367208568655714,0.12976598359362024,0,0,0.24395226008845328,0.31515363765570326,Wednesday
2020-10-20,-0.6469369802864222,-0.6225903184046558,-0.1321953042953285,-0.07769560587280216,-1.5032830319270787,0.3859423427372984,-0.043669393605107756,-0.02615442726268771,0.11637717841080795,-0.034900968465238554,-0.005816489791163059,-0.0029081603191574924,0.07270400739293915,0,0,0.01107939633500243,0.08446437936593543,Tuesday
2020-10-19,1.6116941528537463,-0.6469369802864222,-0.6225903184046558,-0.1321953042953285,-0.07769560587280216,-1.5032830319270787,-1.8791060621263158,0.0971031149196318,-0.03407559353452734,0.017582932962373996,-0.11123470516045304,-0.0994268336888254,-0.22701485569761262,0,0,0.09999415253422396,0.12572364193221708,Monday
2020-10-16,0.9047799143721083,1.6116941528537463,-0.6469369802864222,-0.6225903184046558,-0.1321953042953285,-0.07769560587280216,-0.4757810261119536,0.010065570072765623,-0.0071891760294508535,0.027326334157336592,-0.03019367105322888,0.03595777145770802,0.025889595449570858,0,1,-0.020158967776790097,0.07006681253686069,Friday
2020-10-15,0.8804625362808512,0.9047799143721083,1.6116941528537463,-0.6469369802864222,-0.6225903184046558,-0.1321953042953285,1.073235995551554,0.02447451759769174,-0.0028792721411399725,0.001439656796396765,0.024480156852873816,-0.031670169812001166,-0.008637319039627686,0,0,0.03165376559183498,0.05179707067850865,Thursday
2020-10-14,1.7286678211666768,0.8804625362808512,0.9047799143721083,1.6116941528537463,-0.6469369802864222,-0.6225903184046558,-0.8180367118700386,0.06025824979487838,0.06316756621132283,-0.0014356059079967322,-0.0014355852986658146,0.014386634077868651,0.07468989040416434,0,0,0.016093341440304963,0.06897146298471994,Wednesday
2020-10-13,-1.4099431901579809,1.7286678211666768,0.8804625362808512,0.9047799143721083,1.6116941528537463,-0.6469369802864222,-0.559468363161519,0.011404458940023232,-0.012828370461407846,0.02566332558309395,0.021390679237717963,-0.00855553948749493,0.02566661932446108,0,0,0.0496929887388904,0.24141082406015735,Tuesday
2020-10-12,1.7551741695027343,-1.4099431901579809,1.7286678211666768,0.8804625362808512,0.9047799143721083,1.6116941528537463,0.7921981350989483,-0.03403869060925157,0.01702224252179226,-0.014183190187287505,-0.022716308846280397,0.01421034721077255,-0.005672793039306392,0,0,0.08455579836405942,0.24685753209059602,Monday
2020-10-09,-0.9376019938988005,1.7551741695027343,-1.4099431901579809,1.7286678211666768,0.8804625362808512,0.9047799143721083,0.35879629630842963,-0.03031046570263109,-0.01876010173096224,-0.01298607584535467,-0.0014428765292284174,-0.03170437103221871,-0.06488000945047061,0,1,0.06400645848908147,0.13839234243563509,Friday
2020-10-08,0.6360107496373215,-0.9376019938988005,1.7551741695027343,-1.4099431901579809,1.7286678211666768,0.8804625362808512,0.25667201412277574,-0.033491421163362345,-0.03196811915801395,0.02182103855079153,0.004364398181540249,0.029104455812751732,0.023312669270518786,0,0,-0.011055188746729835,0.023274081278945907,Thursday
2020-10-07,0.7551370376039162,0.6360107496373215,-0.9376019938988005,1.7551741695027343,-1.4099431901579809,1.7286678211666768,0.801727708346457,-0.07468587993375436,0.07034203838205773,-0.014652444135297678,0.008792239447962619,0.07919281984176134,0.14372030286185,0,0,-0.030522701246703785,0.05488216463474696,Wednesday
2020-10-06,-0.5415918609193704,0.7551370376039162,0.6360107496373215,-0.9376019938988005,1.7551741695027343,-1.4099431901579809,-1.4592527214361657,-0.2028346728655563,-0.07459749563104148,0.017892288555123415,-0.07747318232866167,0.04769854524444288,-0.08651323623700373,0,0,0.1128560338431143,0.1940646085081222,Tuesday
2020-10-05,1.6763515772183668,-0.5415918609193704,0.7551370376039162,0.6360107496373215,-0.9376019938988005,1.7551741695027343,1.0830432323279595,-0.05445100156036794,0.07068907110073974,0.0014727106820780667,-0.07064017652621736,-0.011771976895682141,-0.010300479783707125,0,0,-0.08124098549214291,0.025814617537638,Monday
2020-10-02,1.5980464888424826,1.6763515772183668,-0.5415918609193704,0.7551370376039162,0.6360107496373215,-0.9376019938988005,0.6542056074215704,0.0628309848114114,0.0448994253156295,-0.01792662315448599,-2.9927503108264694e-05,0.02993653446501043,0.05687941545335856,0,1,0.02456045754177205,0.15275406586871068,Friday
2020-10-01,0.26653443261441095,1.5980464888424826,1.6763515772183668,-0.5415918609193704,0.7551370376039162,0.6360107496373215,-0.10966212201998281,-0.011883364862021413,-0.029699588579644613,-0.04898031887804837,0.011845734848219531,-0.04448335222728458,-0.11128256861897463,0,0,0.02433017820214973,0.12165089160872417,Thursday
2020-09-30,-2.3219205040168354,0.26653443261441095,1.5980464888424826,1.6763515772183668,-0.5415918609193704,0.7551370376039162,0.537360031236794,0.05479435729484375,-0.04732706291321856,-0.0654411326078265,0.059527352956087576,0.002410915798681534,-0.05086734934875557,0,0,-0.30158256176762344,0.7315616601563703,Wednesday
2020-09-29,1.0183486239387154,-2.3219205040168354,0.26653443261441095,1.5980464888424826,1.6763515772183668,-0.5415918609193704,-0.47905625906837385,-0.039036694477017304,0.10912140747089318,-0.0129245566920425,0.0300661454380852,-0.045078888082456824,0.08114199848781772,0,0,0.3261229278561957,0.3760642615919025,Tuesday
2020-09-28,-1.1158486800031497,1.0183486239387154,-2.3219205040168354,0.26653443261441095,1.5980464888424826,1.6763515772183668,0.33926802150648677,-0.011976944470043613,0.007486150676345665,0.002994549941146535,0.012309115021670479,0.010153804647459479,0.03294744875934818,0,0,0.06283662493576267,0.09575104737760588,Monday
2020-09-25,-1.140538911772459,-1.1158486800031497,1.0183486239387154,-2.3219205040168354,0.26653443261441095,1.5980464888424826,1.871997520542276,-0.08974885506163902,-0.01368862941249533,-0.042568718079833125,0.012163970409299127,-0.04255577847318114,-0.08663140618848489,0,1,0.0425933250237888,0.06693236776314132,Friday
2020-09-24,-0.8706944894401922,-1.140538911772459,-1.1158486800031497,1.0183486239387154,-2.3219205040168354,0.26653443261441095,0.6846757126983336,-0.11115914303378477,0.09117178933193534,-0.020084664422331946,-0.02162496154286004,0.044876478600624686,0.09432714357856715,0,0,0.09458456980494379,0.14218595461079042,Thursday
2020-09-23,-0.3939438481993889,-0.8706944894401922,-1.140538911772459,-1.1158486800031497,1.0183486239387154,-2.3219205040168354,-2.466598150201944,-0.0574017187452109,-0.10538387641641565,0.040310077503020486,-0.030998140026964077,0.052724622473533135,-0.04342027727598802,0,0,0.07066261714070214,0.16116035480013358,Wednesday
2020-09-22,0.5111991015312075,-0.3939438481993889,-0.8706944894401922,-1.140538911772459,-1.1158486800031497,1.0183486239387154,0.5448347233363457,-0.07264802026523093,-0.06654970071039984,0.03328592604481927,-0.0029956433982693586,0.06352376434013154,0.02722014493432274,0,0,-0.03874912969882734,0.016952744227958567,Tuesday
2020-09-21,1.2990900384124495,0.5111991015312075,-0.3939438481993889,-0.8706944894401922,-1.140538911772459,-1.1158486800031497,0.42380689148749745,0.01226805682755319,-0.11182084146216922,0.03830947927019473,-0.07350013773563348,-0.045916493233266735,-0.1928492713329765,0,0,0.11926605499759323,1.2737003056147485,Monday
2020-09-18,0.04791566847887943,1.2990900384124495,0.5111991015312075,-0.3939438481993889,-0.8706944894401922,-1.140538911772459,-1.4924039319423699,-0.03173068198720072,-0.054365882483553174,0.08312803228544303,0.0015114416241134414,-0.015112132130581287,0.015112131826052515,0,1,0.18627717811042604,1.0350176901237698,Friday
2020-09-17,-1.7188603720751099,0.04791566847887943,1.2990900384124495,0.5111991015312075,-0.3939438481993889,-0.8706944894401922,0.6382404939234461,-0.03571641354418318,-0.047400815642028624,0.14586874191692695,-0.008944543706639115,-0.01639564176863459,0.07303513135037246,0,0,0.1435121775685589,0.21437503701313618,Thursday
2020-09-16,1.950429094180501,-1.7188603720751099,0.04791566847887943,1.2990900384124495,0.5111991015312075,-0.3939438481993889,-0.805129406164954,0.04788300510421134,0.10921219615432481,0.02361902530132617,-0.05901271723402137,0.014755356192662054,0.08853213715595536,0,0,0.05371742286972218,0.15938136410899673,Wednesday
2020-09-15,-2.7262113250908473,1.950429094180501,-1.7188603720751099,0.04791566847887943,1.2990900384124495,0.5111991015312075,-0.2960487747950872,-0.05240110489058952,0.04704498682290775,0.008821713056729606,-0.023519035597989794,-0.03673499389961215,-0.004408199339316107,0,0,0.15816551536301382,0.19109216549760413,Tuesday
2020-09-14,-0.8135259546301297,-2.7262113250908473,1.950429094180501,-1.7188603720751099,0.04791566847887943,1.2990900384124495,0.24289099535361275,0.0442647622932909,0.026565912919167756,0.008856088739079114,0.017715314648776712,-0.005904756101320447,0.04723805030395956,0,0,0.13947166248745443,0.18024939428345643,Monday
2020-09-11,-3.43044061732333,-0.8135259546301297,-2.7262113250908473,1.950429094180501,-1.7188603720751099,0.04791566847887943,-0.5299827310211189,0.04191742261205617,0.014972749594086041,-0.11963869113941515,0.06584460684198286,-0.05683347814541392,-0.09571954185295531,0,1,-0.10835727957247127,0.21551724147654522,Friday
2020-09-10,1.452235080505096,-3.43044061732333,-0.8135259546301297,-2.7262113250908473,1.950429094180501,-1.7188603720751099,-2.291148500581649,-0.06247775856935967,-0.10473688925181757,0.14347631132615876,0.05084036138100075,0.002990698986527554,0.09244250383382217,0,0,0.13955438430460324,0.20364159095949322,Thursday
2020-09-09,0.9188492917878326,1.452235080505096,-3.43044061732333,-0.8135259546301297,-2.7262113250908473,1.950429094180501,0.6219273825048631,-0.0556629752670039,0.13200739239917,0.03521436757676468,0.09693338020158572,0.1382474925294278,0.40297673331533806,0,0,0.07829055806803101,0.1177301624545848,Wednesday
2020-09-08,-0.3394762368563094,0.9188492917878326,1.452235080505096,-3.43044061732333,-0.8135259546301297,-2.7262113250908473,-1.0569443619150922,-0.029976917769973657,0.0,0.07199640011121505,0.012000839996741104,-0.09591463578139822,-0.01198932943476752,0,0,0.15303366732882825,0.912920842399697,Tuesday
2020-09-04,0.6460133795820789,-0.3394762368563094,0.9188492917878326,1.452235080505096,-3.43044061732333,-0.8135259546301297,-1.1084170417312644,-0.02040221521329463,-0.008743041876849137,0.008743806351500079,0.005829544246948819,0.09335978508489066,0.09919477178181986,0,1,-0.06479859889468645,0.2626970227376047,Friday
2020-09-03,0.21003567744441987,0.6460133795820789,-0.3394762368563094,0.9188492917878326,1.452235080505096,-3.43044061732333,-2.9283646685898255,-0.09274287020565293,-0.1302497901386857,-0.10695082032928092,0.10996295022626434,-0.023150827815142484,-0.15048037977383294,0,0,0.3607307258575088,0.41689586278237006,Thursday
2020-09-02,1.005551004211409,0.21003567744441987,0.6460133795820789,-0.3394762368563094,0.9188492917878326,1.452235080505096,0.8202497392325703,-0.06972722707981345,0.12846291335760174,0.0,-0.0006981631468550058,-0.007679204585656833,0.12007483749668772,0,0,0.07101319611108924,0.08666964889497956,Wednesday
2020-09-01,0.3382224295648058,1.005551004211409,0.21003567744441987,0.6460133795820789,-0.3394762368563094,0.9188492917878326,0.6882764529289783,-0.008527330264540172,0.008528057480166657,-0.036941263559553836,-0.0582196154855507,-0.036906130844280786,-0.12349359100849745,0,0,0.020422055599916823,0.06523712263712844,Tuesday
2020-08-31,1.031110063518063,0.3382224295648058,1.005551004211409,0.21003567744441987,0.6460133795820789,-0.3394762368563094,-0.2711961178717478,0.15688287978172274,-0.0028523346932981205,0.06850292558032169,-0.0028542068699803536,-0.0884022015478611,-0.02566515521364572,0,0,0.13453556615229886,0.1746099900200958,Monday
2020-08-28,0.3518107910355105,1.031110063518063,0.3382224295648058,1.005551004211409,0.21003567744441987,0.6460133795820789,0.26887871844726796,0.012845398462503065,-0.0199777392039771,0.008562621476092132,-0.06275315202808485,0.011410965879264866,-0.06276031276886734,0,1,0.009128772645699234,0.037085639179768044,Friday
2020-08-27,0.305438585931965,0.3518107910355105,1.031110063518063,0.3382224295648058,1.005551004211409,0.21003567744441987,-0.07746155593385644,0.022952889076231917,-0.020079745097746023,0.0717648409611456,0.030150320911277888,-0.07460224098630715,0.007173292542084793,0,0,0.11599529123231432,0.1831232593658837,Thursday
2020-08-26,-0.4134427971896383,0.305438585931965,0.3518107910355105,1.031110063518063,0.3382224295648058,1.005551004211409,0.8267819325463321,-0.02877118278009633,-0.030200618419336796,-0.033065930673828695,0.027322797538074244,0.012944052896261986,-0.023011649528698233,0,0,0.1271722867387007,0.16975486239270288,Wednesday
2020-08-25,0.21901266713458536,-0.4134427971896383,0.305438585931965,0.3518107910355105,1.031110063518063,0.3382224295648058,0.14257443020258262,-0.0014532560493406847,0.010173827307793972,0.014536151406956339,-0.024705352544973146,-0.013077593691892897,-0.013077593691892897,0,0,0.06396398269908954,0.08721304484251266,Tuesday
2020-08-24,0.30279641402681634,0.21901266713458536,-0.4134427971896383,0.305438585931965,0.3518107910355105,1.031110063518063,0.23382241185204644,-0.02628197634260348,-0.010219723977691896,0.0379733892946461,-0.030661410450986953,-0.023355618365230545,-0.026275070734728977,0,0,-0.019828541539824118,0.008747885808600017,Monday
2020-08-21,0.0,0.30279641402681634,0.21901266713458536,-0.4134427971896383,0.305438585931965,0.3518107910355105,0.46467576293510554,0.008837044772003266,-0.033863867339201534,-0.01678188249392151,0.024148187422711128,0.0029449876903184066,-0.023559900926640155,0,1,0.05302851743313842,0.06481263238517863,Friday
2020-08-20,-0.16596526588214325,0.0,0.30279641402681634,0.21901266713458536,-0.4134427971896383,0.305438585931965,0.855745721297581,0.02365394269432126,-0.059099908388578655,0.007388034189270697,-0.0014775847657804136,-0.011819283398298198,-0.06500605749488897,0,0,0.017147080547855156,0.14190687377792724,Thursday
2020-08-19,1.3821284780069396,-0.16596526588214325,0.0,0.30279641402681634,0.21901266713458536,-0.4134427971896383,-0.577864260859277,-0.005189182582289516,0.002965334990831396,0.017795177564899196,-0.00889679703201971,-0.02371916526268626,-0.011859582781305666,0,0,0.06820473268771875,0.08896269496658807,Wednesday
2020-08-18,-0.8135896290575099,1.3821284780069396,-0.16596526588214325,0.0,0.30279641402681634,0.21901266713458536,0.09459060016827925,0.04137115832805144,-0.04725897926055457,0.022157554835735185,0.03398646460699423,0.0059110389840215435,0.014777597161085763,0,0,0.017128344443050548,0.04429744255602297,Tuesday
2020-08-17,0.29890898218148315,-0.8135896290575099,1.3821284780069396,-0.16596526588214325,0.0,0.30279641402681634,-0.011837121150916027,0.016276041694770555,-0.002959192791752835,0.03848431041816326,-0.004440300253629113,-0.004440103099736936,0.026640617999445906,0,0,-0.020717414584105757,0.05031372066231547,Monday
2020-08-14,0.07178965623840448,0.29890898218148315,-0.8135896290575099,1.3821284780069396,-0.16596526588214325,0.0,0.1307888947589835,-0.020795579571875004,-0.005941240944302296,-0.01485089699254747,0.020795579271318778,-0.002970708870884673,-0.002970708870884673,0,1,-0.07688654044801936,0.0059371847065465165,Friday
2020-08-13,0.6775883878707324,0.07178965623840448,0.29890898218148315,-0.8135896290575099,1.3821284780069396,-0.16596526588214325,0.05643508473471998,-0.031162818332519254,0.0029679753033507593,0.014842080264279396,-0.014839877717717411,0.020780146172545498,0.023748738225502657,0,0,-0.020780146172545498,0.014842961466016052,Thursday
2020-08-12,0.6181443547572832,0.6775883878707324,0.07178965623840448,0.29890898218148315,-0.8135896290575099,1.3821284780069396,0.5932683423038014,-0.008919837248654984,-0.008178318053344555,-0.009570086932870338,-0.02665876770962175,0.020738897101035037,-0.023671970039561965,0,0,-0.05334597847987207,0.019649101972974602,Wednesday
2020-08-11,0.38325830394876415,0.6181443547572832,0.6775883878707324,0.07178965623840448,0.29890898218148315,-0.8135896290575099,-1.1963782099329554,-0.05867043758435774,-0.11270060722002832,0.0481087257756046,-0.0255512301225262,-0.013525292264698278,-0.10369390756541787,0,0,0.08412955963394551,0.1382128478311005,Tuesday
2020-08-10,0.6767723166302015,0.38325830394876415,0.6181443547572832,0.6775883878707324,0.07178965623840448,0.29890898218148315,0.15520998129934604,-0.023851405920525454,0.002981514669403685,0.02084513149089672,-0.006530451801059611,-0.03615787008152273,-0.018868863847438983,0,0,-0.031589927018199467,0.014900908953786325,Monday
2020-08-07,0.7932588431751785,0.6767723166302015,0.38325830394876415,0.6181443547572832,0.6775883878707324,0.07178965623840448,0.42324548239321813,-0.03438583910138933,-0.0029899836152591707,-0.014947683107447684,0.014949917773781332,0.023925591589616334,0.02093489260308878,0,1,-0.004184725835195928,0.03586907768036202,Friday
2020-08-06,-0.34144390786509254,0.7932588431751785,0.6767723166302015,0.38325830394876415,0.6181443547572832,0.6775883878707324,0.8507043953325787,-0.034406414639384514,0.06286860466995428,-0.040399204193405314,0.0104749650448332,0.050904299728671214,0.08384237620189344,0,0,0.05085100636350481,0.07178965623840448,Thursday
2020-08-05,1.2110834372292933,-0.34144390786509254,0.7932588431751785,0.6767723166302015,0.38325830394876415,0.6181443547572832,0.15080226804944336,-0.08886077470509271,-0.028607995148166785,-0.01806494353068902,-0.015051853634077905,-0.024077167196822978,-0.08577490848118707,0,0,0.00240920320454496,0.018069023729369353,Wednesday
2020-08-04,-0.6126616747281275,1.2110834372292933,-0.34144390786509254,0.7932588431751785,0.6767723166302015,0.38325830394876415,0.6373311376091533,-0.039459705442708236,-0.051574540496838885,-0.04245511880826099,-0.02728512954001049,0.039427392812342144,-0.08188766237246012,0,0,-0.0018180716685982957,0.015150596931813528,Tuesday
2020-08-03,0.7230567849364745,-0.6126616747281275,1.2110834372292933,-0.34144390786509254,0.7932588431751785,0.6767723166302015,0.12486675808036572,-0.03949687050525952,0.042553191423152475,0.021281123456398807,0.007600979159042968,-0.015199647366495898,0.056238695163764466,0,0,0.04075921634668601,0.08516851185183441,Monday
2020-07-31,-0.6425441653192713,0.7230567849364745,-0.6126616747281275,1.2110834372292933,-0.34144390786509254,0.7932588431751785,0.20252232352294694,-0.06451414708571168,-0.07367613193270746,-0.012277847629842822,-0.03835355859403734,-0.0015341188330301346,-0.12579774182499776,0,1,-0.018373909171022922,0.06124636349034597,Friday
2020-07-30,-1.1887277401231238,-0.6425441653192713,0.7230567849364745,-0.6126616747281275,1.2110834372292933,-0.34144390786509254,0.6524170497592292,-0.04015506049278814,-0.05711110415087571,0.041693046427940625,0.0,-0.03241741280930169,-0.047854276036960096,0,0,0.31545157112450545,0.41360577802602616,Thursday
2020-07-29,0.5723781388456215,-1.1887277401231238,-0.6425441653192713,0.7230567849364745,-0.6126616747281275,1.2110834372292933,0.9220166397846711,0.03541730806248438,-0.006159152313007793,-0.07385524396301842,0.032322112970195986,0.007696333621603417,-0.04002093389800891,0,0,0.05536928247090547,0.07690178103669333,Wednesday
2020-07-28,0.18497965221736132,0.5723781388456215,-1.1887277401231238,-0.6425441653192713,0.7230567849364745,-0.6126616747281275,-0.35984613477919525,0.018684603947313198,-0.031131311870016276,0.07477101369890829,-0.018689259966232354,0.0031149737411555398,0.028034763040078816,0,0,0.02864259048484372,0.10896637607766829,Tuesday
2020-07-27,0.8362607642956665,0.18497965221736132,0.5723781388456215,-1.1887277401231238,-0.6425441653192713,0.7230567849364745,0.46942518731440247,0.013926283506271571,0.015476043083581133,-0.018567803489396652,0.0015473409258105447,-0.026297877509784212,-0.02784481151777343,0,0,0.04641376322275727,0.0587907666862131,Monday
2020-07-24,0.2680714441902838,0.8362607642956665,0.18497965221736132,0.5723781388456215,-1.1887277401231238,-0.6425441653192713,-0.04361370709726686,0.06547971693397504,0.07489000523320888,-0.0031203195834910756,-0.0467828961679113,-0.031178873192026366,-0.006235774764569468,0,1,0.041139437895176725,0.08414885008250386,Friday
2020-07-23,-0.3277771736548274,0.2680714441902838,0.8362607642956665,0.18497965221736132,0.5723781388456215,-1.1887277401231238,-1.0251930855490967,-0.03721853463793606,-0.09295984133823572,0.04029883120393634,-0.02479313217419862,0.006198667097705603,-0.07128467397522759,0,0,-0.032514283087757306,0.035610881536726174,Thursday
2020-07-22,0.9329235787191111,-0.3277771736548274,0.2680714441902838,0.8362607642956665,0.18497965221736132,0.5723781388456215,0.7087390610001947,0.003060069219145388,0.018363786672693012,-0.045888399407561994,-0.01835199125090674,0.01835535982493589,-0.027533039582643703,0,0,-0.02141851795996875,0.09485343588390177,Wednesday
2020-07-21,1.2960198215299965,0.9329235787191111,-0.3277771736548274,0.2680714441902838,0.8362607642956665,0.18497965221736132,-0.5082358704351296,-0.049308145146063284,-0.05851915725532873,0.0585534222245587,-0.06775276412179099,0.0015398592878503178,-0.06621394813117178,0,0,0.07754800584986897,0.1169374690892815,Tuesday
2020-07-20,-0.8815843332066612,1.2960198215299965,0.9329235787191111,-0.3277771736548274,0.2680714441902838,0.8362607642956665,0.8895800935922208,0.030786281629514762,0.06161049842212698,0.012323618150617194,-0.0030808096987700487,-0.05542383827800436,0.015395510667393563,0,0,0.051177703568044554,0.09248982610868066,Monday
2020-07-17,1.0145665035481781,-0.8815843332066612,1.2960198215299965,0.9329235787191111,-0.3277771736548274,0.2680714441902838,-0.0652417050387993,0.04353233855531724,-0.09009288911637758,0.0,0.027967682038347968,0.006992409177474963,-0.05516234060387298,0,1,0.07958466748239137,0.13678614721567783,Friday
2020-07-16,-0.5377704668520884,1.0145665035481781,-0.8815843332066612,1.2960198215299965,0.9329235787191111,-0.3277771736548274,0.2970049396280452,-0.042102636773262495,-0.03585235075780048,0.0015588221853332644,0.043666079185981026,-0.03897237653293219,-0.02961900632903788,0,0,-0.27617592974823757,0.043639537352990615,Thursday
2020-07-15,0.7650133876494289,-0.5377704668520884,1.0145665035481781,-0.8815843332066612,1.2960198215299965,0.9329235787191111,-0.22474348257057622,0.021774293699505495,-0.08702138226140374,-0.01864396252429439,0.0,0.013984927323069956,-0.09167896818145786,0,0,0.0034175819113690226,0.06990508457919781,Wednesday
2020-07-14,-1.0315782832396954,0.7650133876494289,-0.5377704668520884,1.0145665035481781,-0.8815843332066612,1.2960198215299965,1.8134797739470518,0.028206092449386776,-0.02873061736433217,0.05225623434109903,-0.004701899662023964,-0.04073319742470643,-0.021933260029843693,0,0,-0.05017404094609738,0.021951143151848297,Tuesday
2020-07-13,1.5407777563146305,-1.0315782832396954,0.7650133876494289,-0.5377704668520884,1.0145665035481781,-0.8815843332066612,-1.677181585611927,0.11299974537242762,-0.16207455434134524,-0.030181246291140423,0.05880857005399509,-0.12065024115873543,-0.25400050797309776,0,0,-0.029223976312064366,0.10164861356674457,Monday
2020-07-10,0.518401648588692,1.5407777563146305,-1.0315782832396954,0.7650133876494289,-0.5377704668520884,1.0145665035481781,1.0418820685383607,-0.00629524721511503,0.012592079516832479,0.028340208391067285,-0.011019977548408177,-0.07393657175637994,-0.044047319337471594,0,1,0.09193665174368142,0.1227921034457293,Friday
2020-07-09,0.6481511487748174,0.518401648588692,1.5407777563146305,-1.0315782832396954,0.7650133876494289,-0.5377704668520884,-0.785712031974212,0.06041719657101531,0.08592979229653958,-0.012728719428750822,-0.027041213891864514,0.004772206764384051,0.05090353785460801,0,0,0.006997010509087727,0.13357928896322305,Thursday
2020-07-08,1.3599185363949122,0.6481511487748174,0.518401648588692,1.5407777563146305,-1.0315782832396954,0.7650133876494289,0.5023208493096328,-0.09810126587582468,0.056994490718489534,0.00943664475500658,-0.041086350764176716,-0.03796987735452464,-0.012656625678141464,0,0,0.07908389218412584,0.10755409362644398,Wednesday
2020-07-07,1.4732842238291572,1.3599185363949122,0.6481511487748174,0.518401648588692,1.5407777563146305,-1.0315782832396954,-0.5326569436963923,0.035083243028008367,-0.009567241634094031,-0.05418499406693317,-0.025492320306684302,0.0605809392521352,-0.02869623434863282,0,0,0.06757618265308825,0.26220833880129973,Tuesday
2020-07-06,-2.37545149854861,1.4732842238291572,1.3599185363949122,0.6481511487748174,0.518401648588692,1.5407777563146305,0.15165397603278405,-0.05361422965001285,0.05995771396275316,0.014202528016480113,-0.04258943771898618,0.05997664060627524,0.09154329359053752,0,0,0.0946402094598156,0.13249629337140184,Monday
2020-07-02,1.0489280548648017,-2.37545149854861,1.4732842238291572,1.3599185363949122,0.6481511487748174,0.518401648588692,-0.6713544815189709,0.06895114099049748,0.04331365492857704,-0.012030123346592345,0.021658912352526104,-0.038489912560948726,0.014433717129250827,0,1,0.19091549735726993,0.2690755332511614,Thursday
2020-07-01,-2.535012659143864,1.0489280548648017,-2.37545149854861,1.4732842238291572,1.3599185363949122,0.6481511487748174,0.3424768182235949,0.06271911481687747,0.08047382990154436,0.012877470798155351,0.0,0.03864734312119611,0.1320450886173529,0,0,-0.01931931615920333,0.02575908799508769,Wednesday
2020-06-30,0.43453070678765143,-2.535012659143864,1.0489280548648017,-2.37545149854861,1.4732842238291572,1.3599185363949122,1.4899355348301309,-0.06933470904193946,0.1566512167576259,0.05655560239363503,0.07710429384882675,0.04905513847225582,0.33976184308950597,0,0,-0.029166801694874706,0.16851929848474476,Tuesday
2020-06-29,0.687062483849808,0.43453070678765143,-2.535012659143864,1.0489280548648017,-2.37545149854861,1.4732842238291572,1.0220673636189983,-0.12197132004360665,-0.02965990007883672,-0.02471047542487423,-0.021411160253047744,-0.08224996942327477,-0.1579502216306242,0,0,0.1149689583019257,0.1642413690977015,Monday
2020-06-26,-0.5819311386213855,0.687062483849808,0.43453070678765143,-2.535012659143864,1.0489280548648017,-2.37545149854861,-2.0247542537183874,0.12007204294245728,-0.15485288950184384,0.088327444591015,0.00666666680082711,-0.0033332222930015525,-0.06333122221806137,0,1,0.3299890002622555,0.4799840004121471,Friday
2020-06-25,0.057773783473387845,-0.5819311386213855,0.687062483849808,0.43453070678765143,-2.535012659143864,1.0489280548648017,1.268700982200448,-0.15612802483150623,0.07160992135293387,0.042332866449848766,0.006513173023235324,-0.032555262554597626,0.08789920902919784,0,0,0.1607497314180202,0.224528977163129,Thursday
2020-06-24,-0.4377975905809499,0.057773783473387845,-0.5819311386213855,0.687062483849808,0.43453070678765143,-2.535012659143864,-1.8271031056150793,0.03620207345408105,-0.1511616444255977,0.05260562195383187,0.006576135337656309,0.039472385905531766,-0.05262984776311373,0,0,0.19202946212626354,2.608707089346992,Wednesday
2020-06-23,1.9216363220677999,-0.4377975905809499,0.057773783473387845,-0.5819311386213855,0.687062483849808,0.43453070678765143,-0.46889952160723125,-0.10882089385835153,0.06405329233199544,0.009608917268402165,-0.05122130812321712,0.05124755779269974,0.07366836442826548,0,0,0.019869884316732915,0.3791943080362493,Tuesday
2020-06-22,0.9037728408981142,1.9216363220677999,-0.4377975905809499,0.057773783473387845,-0.5819311386213855,0.687062483849808,0.8865075500250319,-0.05151817631593199,0.0450987339438467,-0.07725238992203945,-0.01689610505987776,0.007241712408360383,-0.04184100404921922,0,0,0.12166859769214086,0.23174971009137252,Monday
2020-06-19,1.2174838667172805,0.9037728408981142,1.9216363220677999,-0.4377975905809499,0.057773783473387845,-0.5819311386213855,-1.7481292788378933,-0.006461409036541957,0.04201680658724019,0.02586318362417807,0.0051729044966510405,0.02393040787603973,0.09701516669372671,0,1,-0.2676950998278465,0.2703201968835447,Friday
2020-06-18,-5.7647095703872475,1.2174838667172805,0.9037728408981142,1.9216363220677999,-0.4377975905809499,0.057773783473387845,0.5321035827552316,-0.030524785447831417,-0.019222746546537404,0.028890600890697102,-0.04171346041923139,0.028886891736693922,-0.003177558133439588,0,0,-0.016039006664883282,0.07377943163631191,Thursday
2020-06-17,-0.561079766817102,-5.7647095703872475,1.2174838667172805,0.9037728408981142,1.9216363220677999,-0.4377975905809499,-0.7865490560524242,0.032073898187861126,0.041681359845971926,-0.016008982875228644,-0.031045860472275994,-0.03311957925835707,-0.03850591913623577,0,0,0.16112466293573643,0.2054178970841931,Wednesday
2020-06-16,-0.7548337200555798,-0.561079766817102,-5.7647095703872475,1.2174838667172805,0.9037728408981142,1.9216363220677999,-0.7957139234800257,0.0016046470378776707,-0.03689326604321965,-0.06729291707941754,-0.019264055395709266,-0.056061892607128565,-0.17939805549642568,0,0,0.031316907934156604,0.12143290842875398,Tuesday
2020-06-15,1.2465937921505295,-0.7548337200555798,-0.561079766817102,-5.7647095703872475,1.2174838667172805,0.9037728408981142,3.02328702789666,0.07019032984668684,-0.05220739388475816,-0.009787928099926497,0.029372409482327843,0.019585441576186288,-0.013056960829659932,0,0,0.13679445000400667,0.22147672854637657,Monday
2020-06-12,2.5569368155241485,1.2465937921505295,-0.7548337200555798,-0.561079766817102,-5.7647095703872475,1.2174838667172805,-1.2975217334737894,-0.1544223946118927,-0.09847042615582355,-0.039372662091039685,0.0722682139251909,-0.07221602469397678,-0.1378043178187133,0,1,-0.05652688303072939,0.15446299468937963,Friday
2020-06-11,-0.28881044492004054,2.5569368155241485,1.2465937921505295,-0.7548337200555798,-0.561079766817102,-5.7647095703872475,-3.610362960093211,-0.023267409055667154,0.10314766759906777,0.04327419173668622,-0.10308592683770022,-0.046466826335043135,-0.0032573312771065534,0,0,0.2694431509123363,6.153416273044197,Thursday
2020-06-10,1.3246681595015106,-0.28881044492004054,2.5569368155241485,1.2465937921505295,-0.7548337200555798,-0.561079766817102,-0.7436216551614623,0.02188252216201772,0.06882097140519834,-0.012511338244563994,0.05007041152836,0.06262721137943612,0.16909347091538476,0,0,-0.04451271128267184,0.09090624100648156,Wednesday
2020-06-09,0.8344786961606732,1.3246681595015106,-0.28881044492004054,2.5569368155241485,1.2465937921505295,-0.7548337200555798,0.15609877926579768,-0.0639166902048564,-0.0716600196806282,-0.037373863378952384,0.0498566621085541,-0.048275325111262105,-0.1074515299434385,0,0,0.12468439247116322,0.18702658883346113,Tuesday
2020-06-08,0.4668595478039001,0.8344786961606732,1.3246681595015106,-0.28881044492004054,2.5569368155241485,1.2465937921505295,0.9241624779791892,-0.009292816536968592,0.05268703896187007,-0.0495632240997836,-0.05263320843194427,-0.021667801691341828,-0.07119420546736943,0,0,-0.1039443157588969,0.005846867563398448,Monday
2020-06-05,0.3960918930794959,0.4668595478039001,0.8344786961606732,1.3246681595015106,-0.28881044492004054,2.5569368155241485,0.6430665447733376,-0.047521782684422996,-0.0464970547753143,0.03604507188117571,0.0015358571486341075,-0.009370984383177482,-0.018303193696047246,0,1,-0.04385003291403192,0.10022864662425217,Friday
2020-06-04,-0.17134572282132218,0.3960918930794959,0.4668595478039001,0.8344786961606732,1.3246681595015106,-0.28881044492004054,0.09002347026315828,-0.04506969715991875,-0.012875398172227336,-0.028961256241137094,-0.05146018269616452,-0.014471082101030265,-0.10772916562654067,0,0,0.019915839595168097,0.04497125061452185,Thursday
2020-06-03,1.4474343974282535,-0.17134572282132218,0.3960918930794959,0.4668595478039001,0.8344786961606732,1.3246681595015106,0.6193238581147827,0.003197749069952825,0.05439129736500955,0.07844895214490928,0.05927207475563589,0.0,0.19223375613143104,0,0,-0.03257405141057635,0.023605777816737533,Wednesday
2020-06-02,1.2626091667025248,1.4474343974282535,-0.17134572282132218,0.3960918930794959,0.4668595478039001,0.8344786961606732,0.5350908675289804,-0.03899649016022102,0.05527556492089917,-0.0455003413461243,-0.07144944928437344,0.012960011299169724,-0.048754328503595304,0,0,-0.04673352157694128,0.0032453834016241277,Tuesday
2020-06-01,0.21371145536235464,1.2626091667025248,1.4474343974282535,-0.17134572282132218,0.3960918930794959,0.4668595478039001,0.5991572292850343,-0.006542361711090861,-0.026162600568857507,-0.0016351357776690193,0.024533053895989365,0.013086007955553825,0.009814505717342015,0,0,0.012435368718442108,0.05563191305521885,Monday
2020-05-29,-0.7307381463443169,0.21371145536235464,1.2626091667025248,1.4474343974282535,-0.17134572282132218,0.3960918930794959,0.5620577924815248,0.00436609543550093,-0.059055118041277825,0.02953628036324619,-0.03165942990724929,0.02018080678603588,-0.04101790036743991,0,1,0.46751709652112516,0.5359021567650242,Friday
2020-05-28,1.6916649542538589,-0.7307381463443169,0.21371145536235464,1.2626091667025248,1.4474343974282535,-0.17134572282132218,-0.5841044825670287,-0.029742233937503852,-0.2340839406215229,-0.028016282389995883,0.01813146974712216,0.08248375067929066,-0.16166815137163643,0,0,0.3346976497091903,0.3993926591514309,Thursday
2020-05-27,-1.008491669185966,1.6916649542538589,-0.7307381463443169,0.21371145536235464,1.2626091667025248,1.4474343974282535,0.38701994629604725,0.026388705640413453,-0.00659674112766986,-0.013191742140273036,-0.04779720805813125,-0.03624680769275582,-0.1037976769552374,0,0,0.04415447487900356,0.16475550279008777,Wednesday
2020-05-26,3.051421784354572,-1.008491669185966,1.6916649542538589,-0.7307381463443169,0.21371145536235464,1.2626091667025248,-0.927305845227973,0.0,0.008366100456295359,-0.025092004042046277,-0.026757642658154925,0.06358981213050777,0.020080993089589022,0,0,0.14374059826949462,0.23065351848515436,Tuesday
2020-05-22,0.42448693217569555,3.051421784354572,-1.008491669185966,1.6916649542538589,-0.7307381463443169,0.21371145536235464,0.25452200760205823,-0.027103025381789988,0.057627118615015314,-0.013557483906504948,-0.060971478825782396,-0.04333870560628526,-0.06026788758588146,0,1,0.0812402681126532,0.10832035748353108,Friday
2020-05-21,1.1999857988231972,0.42448693217569555,3.051421784354572,-1.008491669185966,1.6916649542538589,-0.7307381463443169,-0.6772237194560172,0.07128551560882591,-0.015273134710890488,0.015275467753658224,-0.020363142802835247,-0.05766230239270534,-0.07801370333856096,0,0,-0.0027137965036881967,0.7580650630295976,Thursday
2020-05-20,-1.7270253294610367,1.1999857988231972,0.42448693217569555,3.051421784354572,-1.008491669185966,1.6916649542538589,0.378583017939808,-0.06739225681720891,-0.023581727578451714,-0.006737182426341165,-0.05555087954766672,0.0016833883030366852,-0.08416941617854096,0,0,0.15153556050994318,0.19194504310730265,Wednesday
2020-05-19,-2.0303527482137027,-1.7270253294610367,1.1999857988231972,0.42448693217569555,3.051421784354572,-1.008491669185966,-0.8353708230888576,-0.007552715110201303,-0.044408006899180646,0.0034161171986091025,0.06231462398516387,0.03340742018369319,0.054710206886210526,0,0,0.06985822871386575,0.1267036502479477,Tuesday
2020-05-18,0.030772386875517064,-2.0303527482137027,-1.7270253294610367,1.1999857988231972,0.42448693217569555,3.051421784354572,0.6499709985445682,-0.07093156772814105,0.08454754208304628,0.1150370596248117,0.10163634526778477,0.0237207726682798,0.3253134531460222,0,0,0.07356056894006605,0.09661180715390585,Monday
2020-05-15,1.6579770592626388,0.030772386875517064,-2.0303527482137027,-1.7270253294610367,1.1999857988231972,0.42448693217569555,1.3489113118399172,0.003499317589446433,-0.02448922479145818,-0.09087731555715228,0.03321620245534781,-0.0576580354252363,-0.1397770556301397,0,1,-0.2033116745819823,0.01746663885738869,Friday
2020-05-14,1.1994794048996276,1.6579770592626388,0.030772386875517064,-2.0303527482137027,-1.7270253294610367,1.1999857988231972,2.135511842030013,0.035096964592244775,0.08966717649359336,0.015826123814973638,0.026383831658991774,-0.0017588911730858983,0.13015794823724197,0,0,0.19014208046313474,0.23855463977307045,Thursday
2020-05-13,0.0,1.1994794048996276,1.6579770592626388,0.030772386875517064,-2.0303527482137027,-1.7270253294610367,-1.5552914858909959,0.10299026899452197,0.06574388341784777,0.023104538865400814,-0.11361618997405433,-0.07805016507875788,-0.10288430816878578,0,0,0.1221287321977304,0.22721624601640542,Wednesday
